<?xml version="1.0" ?>

<container xmlns="http://symfony.com/schema/dic/services"
    xmlns:xsi="http://www.w3.org/2001/XMLSchema-instance"
    xsi:schemaLocation="http://symfony.com/schema/dic/services http://symfony.com/schema/dic/services/services-1.0.xsd">

    <parameters>
        <parameter key="hautelook_alice.loader.yaml.class">Nelmio\Alice\Loader\Yaml</parameter>
        <parameter key="hautelook_alice.loader.class">Hautelook\AliceBundle\Alice\Loader</parameter>
        <parameter key="hautelook_alice.solarium.loader.class">Hautelook\AliceBundle\Solarium\Loader</parameter>
    </parameters>

    <services>

        <service id="hautelook_alice.loader.yaml" class="%hautelook_alice.loader.yaml.class%">
            <argument>%hautelook_alice.locale%</argument>
            <argument type="collection"/>
            <argument>%hautelook_alice.seed%</argument>
        </service>

        <service id="hautelook_alice.loader" class="%hautelook_alice.loader.class%">
            <argument type="collection">
                <argument key="yaml" type="service" id="hautelook_alice.loader.yaml" />
            </argument>
            <argument type="service" id="logger" on-invalid="null"/>
        </service>

        <service id="hautelook_alice.solarium.loader" class="%hautelook_alice.solarium.loader.class%">
            <argument type="collection">
                <argument key="yaml" type="service" id="hautelook_alice.loader.yaml" />
            </argument>
            <argument type="service" id="logger" on-invalid="null"/>
        </service>

    </services>

</container>
